ID,Name,Type_1,Type_2,HP,Attack,Defense,Atq_speciale,Def_speciale,vitesse,Generation,Legendary,combats,victoire,ratio
1,Bulbasaur,3,13,45,49,49,65,65,45,1,False,133,37.0,0.2781954887218045
2,Ivysaur,3,13,60,62,63,80,80,60,1,False,121,46.0,0.38016528925619836
3,Venusaur,3,13,80,82,83,100,100,80,1,False,132,89.0,0.6742424242424242
4,Mega Venusaur,3,13,80,100,123,122,120,80,1,False,125,70.0,0.56
5,Charmander,6,,39,52,43,60,50,65,1,False,112,55.0,0.49107142857142855
6,Charmeleon,6,,58,64,58,80,65,80,1,False,118,64.0,0.5423728813559322
7,Charizard,6,18,78,84,78,109,85,100,1,False,133,115.0,0.8646616541353384
8,Mega Charizard X,6,9,78,130,111,130,85,100,1,False,139,119.0,0.8561151079136691
9,Mega Charizard Y,6,18,78,104,78,159,115,100,1,False,135,114.0,0.8444444444444444
10,Squirtle,1,,44,48,65,50,64,43,1,False,117,19.0,0.1623931623931624
11,Wartortle,1,,59,63,80,65,80,58,1,False,141,59.0,0.41843971631205673
12,Blastoise,1,,79,83,100,85,105,78,1,False,12,12.0,12.0
13,Mega Blastoise,1,,79,103,120,135,115,78,1,False,144,83.0,0.5763888888888888
14,Caterpie,4,,45,30,35,20,20,45,1,False,115,17.0,0.14782608695652175
15,Metapod,4,,50,20,55,25,25,30,1,False,133,13.0,0.09774436090225563
16,Butterfree,4,18,60,45,50,90,80,70,1,False,120,75.0,0.625
17,Weedle,4,13,40,35,30,20,20,50,1,False,111,26.0,0.23423423423423423
18,Kakuna,4,13,45,25,50,25,25,35,1,False,130,17.0,0.13076923076923078
19,Beedrill,4,13,65,90,40,45,80,75,1,False,128,80.0,0.625
20,Mega Beedrill,4,13,65,150,40,15,80,145,1,False,119,115.0,0.9663865546218487
21,Pidgey,2,18,40,45,40,35,35,56,1,False,126,47.0,0.373015873015873
22,Pidgeotto,2,18,63,60,55,50,50,71,1,False,121,64.0,0.5289256198347108
23,Pidgeot,2,18,83,80,75,70,70,101,1,False,130,112.0,0.8615384615384616
24,Mega Pidgeot,2,18,83,80,80,135,80,121,1,False,126,119.0,0.9444444444444444
25,Rattata,2,,30,56,35,25,35,72,1,False,135,65.0,0.48148148148148145
26,Raticate,2,,55,81,60,50,70,97,1,False,140,101.0,0.7214285714285714
27,Spearow,2,18,40,60,30,31,31,70,1,False,138,62.0,0.4492753623188406
28,Fearow,2,18,65,90,65,61,61,100,1,False,123,103.0,0.8373983739837398
29,Ekans,13,,35,60,44,40,54,55,1,False,131,48.0,0.366412213740458
30,Arbok,13,,60,85,69,65,79,80,1,False,125,72.0,0.576
31,Pikachu,7,,35,55,40,50,50,90,1,False,136,93.0,0.6838235294117647
32,Raichu,7,,60,90,55,90,80,110,1,False,121,105.0,0.8677685950413223
33,Sandshrew,10,,50,75,85,20,30,40,1,False,33,33.0,33.0
34,Sandslash,10,,75,100,110,45,55,65,1,False,105,56.0,0.5333333333333333
35,Nidoran♀,13,,55,47,52,40,40,41,1,False,119,20.0,0.16806722689075632
36,Nidorina,13,,70,62,67,55,55,56,1,False,148,57.0,0.38513513513513514
37,Nidoqueen,13,10,90,92,87,75,85,76,1,False,122,66.0,0.5409836065573771
38,Nidoran♂,13,,46,57,40,40,40,50,1,False,136,34.0,0.25
39,Nidorino,13,,61,72,57,55,55,65,1,False,128,51.0,0.3984375
40,Nidoking,13,10,81,102,77,85,75,85,1,False,140,79.0,0.5642857142857143
41,Clefairy,17,,70,45,48,60,65,35,1,False,127,20.0,0.15748031496062992
42,Clefable,17,,95,70,73,95,90,60,1,False,123,49.0,0.3983739837398374
43,Vulpix,6,,38,41,40,50,65,65,1,False,129,53.0,0.4108527131782946
44,Ninetales,6,,73,76,75,81,100,100,1,False,127,103.0,0.8110236220472441
45,Jigglypuff,2,17,115,45,20,45,25,20,1,False,130,15.0,0.11538461538461539
46,Wigglytuff,2,17,140,70,45,85,50,45,1,False,46,46.0,46.0
47,Zubat,13,18,40,45,35,30,40,55,1,False,145,55.0,0.3793103448275862
48,Golbat,13,18,75,80,70,65,75,90,1,False,128,97.0,0.7578125
49,Oddish,3,13,45,50,55,75,65,30,1,False,143,9.0,0.06293706293706294
50,Gloom,3,13,60,65,70,85,75,40,1,False,129,28.0,0.21705426356589147
51,Vileplume,3,13,75,80,85,110,90,50,1,False,124,44.0,0.3548387096774194
52,Paras,4,3,35,70,55,45,55,25,1,False,138,13.0,0.09420289855072464
53,Parasect,4,3,60,95,80,60,80,30,1,False,154,30.0,0.19480519480519481
54,Venonat,4,13,60,55,50,40,55,45,1,False,143,32.0,0.22377622377622378
55,Venomoth,4,13,70,65,60,90,75,90,1,False,140,92.0,0.6571428571428571
56,Diglett,10,,10,55,25,35,45,95,1,False,126,68.0,0.5396825396825397
57,Dugtrio,10,,35,80,50,50,70,120,1,False,128,108.0,0.84375
58,Meowth,2,,40,45,35,40,40,90,1,False,140,91.0,0.65
59,Persian,2,,65,70,60,65,65,115,1,False,120,103.0,0.8583333333333333
60,Psyduck,1,,50,52,48,65,50,55,1,False,142,47.0,0.33098591549295775
61,Golduck,1,,80,82,78,95,80,85,1,False,115,79.0,0.6869565217391305
62,Mankey,15,,40,80,35,35,45,70,1,False,118,55.0,0.4661016949152542
63,Primeape,15,,65,105,60,60,70,95,1,False,108,85.0,0.7870370370370371
64,Growlithe,6,,55,70,45,70,50,60,1,False,120,54.0,0.45
65,Arcanine,6,,90,110,80,100,80,95,1,False,114,91.0,0.7982456140350878
66,Poliwag,1,,40,50,40,40,40,90,1,False,66,66.0,66.0
67,Poliwhirl,1,,65,65,65,50,50,90,1,False,125,90.0,0.72
68,Poliwrath,1,15,90,95,95,70,90,70,1,False,130,68.0,0.5230769230769231
69,Abra,5,,25,20,15,105,55,90,1,False,108,35.0,0.32407407407407407
70,Kadabra,5,,40,35,30,120,70,105,1,False,130,87.0,0.6692307692307692
71,Alakazam,5,,55,50,45,135,95,120,1,False,140,108.0,0.7714285714285715
72,Mega Alakazam,5,,55,50,65,175,95,150,1,False,110,86.0,0.7818181818181819
73,Machop,15,,70,80,50,35,35,35,1,False,150,21.0,0.14
74,Machoke,15,,80,100,70,50,60,45,1,False,124,32.0,0.25806451612903225
75,Machamp,15,,90,130,80,65,85,55,1,False,116,51.0,0.4396551724137931
76,Bellsprout,3,13,50,75,35,70,30,40,1,False,108,23.0,0.21296296296296297
77,Weepinbell,3,13,65,90,50,85,45,55,1,False,121,45.0,0.371900826446281
78,Victreebel,3,13,80,105,65,100,70,70,1,False,78,78.0,78.0
79,Tentacool,1,13,40,40,35,50,100,70,1,False,157,79.0,0.5031847133757962
80,Tentacruel,1,13,80,70,65,80,120,100,1,False,117,94.0,0.8034188034188035
81,Geodude,8,10,40,80,100,30,30,20,1,False,135,16.0,0.11851851851851852
82,Graveler,8,10,55,95,115,45,45,35,1,False,137,29.0,0.2116788321167883
83,Golem,8,10,80,120,130,55,65,45,1,False,135,50.0,0.37037037037037035
84,Ponyta,6,,50,85,55,65,65,90,1,False,115,86.0,0.7478260869565218
85,Rapidash,6,,65,100,70,80,80,105,1,False,105,91.0,0.8666666666666667
86,Slowpoke,1,5,90,65,65,40,40,15,1,False,122,24.0,0.19672131147540983
87,Slowbro,1,5,95,75,110,100,80,30,1,False,131,20.0,0.15267175572519084
88,Mega Slowbro,1,5,95,75,180,130,80,30,1,False,116,16.0,0.13793103448275862
89,Magnemite,7,14,25,35,70,95,55,45,1,False,143,24.0,0.16783216783216784
90,Magneton,7,14,50,60,95,120,70,70,1,False,90,90.0,90.0
91,Farfetch'd,2,18,52,65,55,58,62,60,1,False,116,52.0,0.4482758620689655
92,Doduo,2,18,35,85,45,35,35,75,1,False,134,87.0,0.6492537313432836
93,Dodrio,2,18,60,110,70,60,60,100,1,False,143,121.0,0.8461538461538461
94,Seel,1,,65,45,55,45,70,45,1,False,119,29.0,0.24369747899159663
95,Dewgong,1,16,90,70,80,70,95,70,1,False,131,68.0,0.5190839694656488
96,Grimer,13,,80,80,50,40,50,25,1,False,142,25.0,0.176056338028169
97,Muk,13,,105,105,75,65,100,50,1,False,133,50.0,0.37593984962406013
98,Shellder,1,,30,65,100,45,25,40,1,False,111,21.0,0.1891891891891892
99,Cloyster,1,16,50,95,180,85,45,70,1,False,134,71.0,0.5298507462686567
100,Gastly,11,13,30,35,30,100,35,80,1,False,128,61.0,0.4765625
101,Haunter,11,13,45,50,45,115,55,95,1,False,111,77.0,0.6936936936936937
102,Gengar,11,13,60,65,60,130,75,110,1,False,114,88.0,0.7719298245614035
103,Mega Gengar,11,13,60,65,80,170,95,130,1,False,131,113.0,0.8625954198473282
104,Onix,8,10,35,45,160,30,45,70,1,False,135,65.0,0.48148148148148145
105,Drowzee,5,,60,48,45,43,90,42,1,False,137,30.0,0.21897810218978103
106,Hypno,5,,85,73,70,73,115,67,1,False,119,61.0,0.5126050420168067
107,Krabby,1,,30,105,90,25,25,50,1,False,137,38.0,0.2773722627737226
108,Kingler,1,,55,130,115,50,50,75,1,False,112,67.0,0.5982142857142857
109,Voltorb,7,,40,30,50,55,55,100,1,False,113,66.0,0.584070796460177
110,Electrode,7,,60,50,70,80,80,140,1,False,129,109.0,0.8449612403100775
111,Exeggcute,3,5,60,40,80,60,45,40,1,False,136,32.0,0.23529411764705882
112,Exeggutor,3,5,95,95,85,125,65,55,1,False,95,37.0,0.3894736842105263
113,Cubone,10,,50,50,95,40,50,35,1,False,143,29.0,0.20279720279720279
114,Marowak,10,,60,80,110,50,80,45,1,False,120,34.0,0.2833333333333333
115,Hitmonlee,15,,50,120,53,35,110,87,1,False,128,82.0,0.640625
116,Hitmonchan,15,,50,105,79,35,110,76,1,False,140,87.0,0.6214285714285714
117,Lickitung,2,,90,55,75,60,75,30,1,False,136,19.0,0.13970588235294118
118,Koffing,13,,40,65,95,60,45,35,1,False,143,20.0,0.13986013986013987
119,Weezing,13,,65,90,120,85,70,60,1,False,129,56.0,0.43410852713178294
120,Rhyhorn,10,8,80,85,95,30,30,25,1,False,119,34.0,0.2857142857142857
121,Rhydon,10,8,105,130,120,45,45,40,1,False,108,48.0,0.4444444444444444
122,Chansey,2,,250,5,5,35,105,50,1,False,98,15.0,0.15306122448979592
123,Tangela,3,,65,55,115,100,40,60,1,False,129,49.0,0.3798449612403101
124,Kangaskhan,2,,105,95,80,40,80,90,1,False,126,95.0,0.753968253968254
125,Mega Kangaskhan,2,,105,125,100,60,100,100,1,False,128,107.0,0.8359375
126,Horsea,1,,30,40,70,70,25,60,1,False,133,55.0,0.41353383458646614
127,Seadra,1,,55,65,95,95,45,85,1,False,118,78.0,0.6610169491525424
128,Goldeen,1,,45,67,60,35,50,63,1,False,117,60.0,0.5128205128205128
129,Seaking,1,,80,92,65,65,80,68,1,False,114,55.0,0.4824561403508772
130,Staryu,1,,30,45,55,70,55,85,1,False,142,80.0,0.5633802816901409
131,Starmie,1,5,60,75,85,100,85,115,1,False,129,116.0,0.8992248062015504
132,Mr. Mime,5,17,40,45,65,100,120,90,1,False,136,76.0,0.5588235294117647
133,Scyther,4,18,70,110,80,55,80,105,1,False,141,124.0,0.8794326241134752
134,Jynx,16,5,65,50,35,115,95,95,1,False,135,99.0,0.7333333333333333
135,Electabuzz,7,,65,83,57,95,85,105,1,False,129,115.0,0.8914728682170543
136,Magmar,6,,65,95,57,100,85,93,1,False,129,96.0,0.7441860465116279
137,Pinsir,4,,65,125,100,55,70,85,1,False,124,81.0,0.6532258064516129
138,Mega Pinsir,4,18,65,155,120,65,90,105,1,False,121,105.0,0.8677685950413223
139,Tauros,2,,75,100,95,40,70,110,1,False,117,102.0,0.8717948717948718
140,Magikarp,1,,20,10,55,15,20,80,1,False,139,25.0,0.17985611510791366
141,Gyarados,1,18,95,125,79,60,100,81,1,False,133,82.0,0.6165413533834586
142,Mega Gyarados,1,12,95,155,109,70,130,81,1,False,137,93.0,0.6788321167883211
143,Lapras,1,16,130,85,80,85,95,60,1,False,139,61.0,0.43884892086330934
144,Ditto,2,,48,48,48,48,48,48,1,False,144,144.0,144.0
145,Eevee,2,,55,55,50,45,65,55,1,False,99,37.0,0.37373737373737376
146,Vaporeon,1,,130,65,60,110,95,65,1,False,132,69.0,0.5227272727272727
147,Jolteon,7,,65,65,60,110,95,130,1,False,134,124.0,0.9253731343283582
148,Flareon,6,,65,130,60,95,110,65,1,False,132,70.0,0.5303030303030303
149,Porygon,2,,65,60,70,85,75,40,1,False,128,23.0,0.1796875
150,Omanyte,8,1,35,40,100,90,55,35,1,False,128,23.0,0.1796875
151,Omastar,8,1,70,60,125,115,70,55,1,False,138,49.0,0.35507246376811596
152,Kabuto,8,1,30,80,90,55,45,55,1,False,142,61.0,0.4295774647887324
153,Kabutops,8,1,60,115,105,65,70,80,1,False,110,79.0,0.7181818181818181
154,Aerodactyl,8,18,80,105,65,60,75,130,1,False,141,136.0,0.9645390070921985
155,Mega Aerodactyl,8,18,80,135,85,70,95,150,1,False,129,127.0,0.9844961240310077
156,Snorlax,2,,160,110,65,65,110,30,1,False,112,40.0,0.35714285714285715
157,Articuno,16,18,90,85,100,95,125,85,1,True,139,95.0,0.6834532374100719
158,Zapdos,7,18,90,90,85,125,90,100,1,True,121,93.0,0.768595041322314
159,Moltres,6,18,90,100,90,125,85,90,1,True,136,100.0,0.7352941176470589
160,Dratini,9,,41,64,45,50,50,50,1,False,117,43.0,0.36752136752136755
161,Dragonair,9,,61,84,65,70,70,70,1,False,116,58.0,0.5
162,Dragonite,9,18,91,134,95,100,100,80,1,False,138,87.0,0.6304347826086957
163,Mewtwo,5,,106,110,90,154,90,130,1,True,164,152.0,0.926829268292683
164,Mega Mewtwo X,5,15,106,190,100,154,100,130,1,True,135,125.0,0.9259259259259259
165,Mega Mewtwo Y,5,,106,150,70,194,120,140,1,True,125,119.0,0.952
166,Mew,5,,100,100,100,100,100,100,1,False,113,94.0,0.831858407079646
167,Chikorita,3,,45,49,65,49,65,45,2,False,120,33.0,0.275
168,Bayleef,3,,60,62,80,63,80,60,2,False,113,49.0,0.4336283185840708
169,Meganium,3,,80,82,100,83,100,80,2,False,129,88.0,0.6821705426356589
170,Cyndaquil,6,,39,52,43,60,50,65,2,False,121,61.0,0.5041322314049587
171,Quilava,6,,58,64,58,80,65,80,2,False,151,92.0,0.609271523178808
172,Typhlosion,6,,78,84,78,109,85,100,2,False,116,100.0,0.8620689655172413
173,Totodile,1,,50,65,64,44,48,43,2,False,132,29.0,0.2196969696969697
174,Croconaw,1,,65,80,80,59,63,58,2,False,136,60.0,0.4411764705882353
175,Feraligatr,1,,85,105,100,79,83,78,2,False,138,81.0,0.5869565217391305
176,Sentret,2,,35,46,34,35,45,20,2,False,125,9.0,0.072
177,Furret,2,,85,76,64,45,55,90,2,False,138,93.0,0.6739130434782609
178,Hoothoot,2,18,60,30,30,36,56,50,2,False,111,36.0,0.32432432432432434
179,Noctowl,2,18,100,50,50,76,96,70,2,False,136,68.0,0.5
180,Ledyba,4,18,40,20,30,40,80,55,2,False,123,28.0,0.22764227642276422
181,Ledian,4,18,55,35,50,55,110,85,2,False,137,86.0,0.6277372262773723
182,Spinarak,4,13,40,60,40,40,40,30,2,False,137,13.0,0.0948905109489051
183,Ariados,4,13,70,90,70,60,60,40,2,False,183,183.0,183.0
184,Crobat,13,18,85,90,80,70,80,130,2,False,122,113.0,0.9262295081967213
185,Chinchou,1,7,75,38,38,56,56,67,2,False,114,60.0,0.5263157894736842
186,Lanturn,1,7,125,58,58,76,76,67,2,False,128,66.0,0.515625
187,Pichu,7,,20,40,15,35,35,60,2,False,105,36.0,0.34285714285714286
188,Cleffa,17,,50,25,28,45,55,15,2,False,112,7.0,0.0625
189,Igglybuff,2,17,90,30,15,40,20,15,2,False,115,5.0,0.043478260869565216
190,Togepi,17,,35,20,65,40,65,20,2,False,122,3.0,0.02459016393442623
191,Togetic,17,18,55,40,85,80,105,40,2,False,127,30.0,0.23622047244094488
192,Natu,5,18,40,50,45,70,45,70,2,False,116,64.0,0.5517241379310345
193,Xatu,5,18,65,75,70,95,70,95,2,False,121,88.0,0.7272727272727273
194,Mareep,7,,55,40,40,65,45,35,2,False,140,23.0,0.16428571428571428
195,Flaaffy,7,,70,55,55,80,60,45,2,False,108,24.0,0.2222222222222222
196,Ampharos,7,,90,75,85,115,90,55,2,False,119,41.0,0.3445378151260504
197,Mega Ampharos,7,9,90,95,105,165,110,45,2,False,128,37.0,0.2890625
198,Bellossom,3,,75,80,95,90,100,50,2,False,139,30.0,0.2158273381294964
199,Marill,1,17,70,20,50,20,50,40,2,False,122,19.0,0.1557377049180328
200,Azumarill,1,17,100,50,80,60,80,50,2,False,128,44.0,0.34375
201,Sudowoodo,8,,70,100,115,30,65,30,2,False,123,30.0,0.24390243902439024
202,Politoed,1,,90,75,75,90,100,70,2,False,119,65.0,0.5462184873949579
203,Hoppip,3,18,35,35,40,35,55,50,2,False,119,48.0,0.40336134453781514
204,Skiploom,3,18,55,45,50,45,65,80,2,False,119,66.0,0.5546218487394958
205,Jumpluff,3,18,75,55,70,55,95,110,2,False,135,114.0,0.8444444444444444
206,Aipom,2,,55,70,55,40,55,85,2,False,123,87.0,0.7073170731707317
207,Sunkern,3,,30,30,30,30,30,30,2,False,111,14.0,0.12612612612612611
208,Sunflora,3,,75,75,55,105,85,30,2,False,142,23.0,0.1619718309859155
209,Yanma,4,18,65,65,45,75,45,95,2,False,125,90.0,0.72
210,Wooper,1,10,55,45,45,25,25,15,2,False,125,6.0,0.048
211,Quagsire,1,10,95,85,85,65,65,35,2,False,140,36.0,0.2571428571428571
212,Espeon,5,,65,65,60,130,95,110,2,False,142,117.0,0.823943661971831
213,Umbreon,12,,95,65,110,60,130,65,2,False,127,67.0,0.5275590551181102
214,Murkrow,12,18,60,85,42,85,42,91,2,False,158,130.0,0.8227848101265823
215,Slowking,1,5,95,75,80,100,110,30,2,False,132,32.0,0.24242424242424243
216,Misdreavus,11,,60,60,60,85,85,85,2,False,133,84.0,0.631578947368421
217,Unown,5,,48,72,48,72,48,48,2,False,127,33.0,0.25984251968503935
218,Wobbuffet,5,,190,33,58,33,58,33,2,False,134,18.0,0.13432835820895522
219,Girafarig,2,5,70,80,65,90,65,85,2,False,128,74.0,0.578125
220,Pineco,4,,50,65,90,35,35,15,2,False,109,16.0,0.14678899082568808
221,Forretress,4,14,75,90,140,60,60,40,2,False,123,37.0,0.3008130081300813
222,Dunsparce,2,,100,70,70,65,65,45,2,False,137,26.0,0.1897810218978102
223,Gligar,10,18,65,75,105,35,65,85,2,False,134,93.0,0.6940298507462687
224,Steelix,14,10,75,85,200,55,65,30,2,False,149,25.0,0.16778523489932887
225,Mega Steelix,14,10,75,125,230,55,95,30,2,False,145,50.0,0.3448275862068966
226,Snubbull,17,,60,80,50,40,40,30,2,False,137,21.0,0.15328467153284672
227,Granbull,17,,90,120,75,60,60,45,2,False,119,35.0,0.29411764705882354
228,Qwilfish,1,13,65,95,75,55,55,85,2,False,150,104.0,0.6933333333333334
229,Scizor,4,14,70,130,100,55,80,65,2,False,125,76.0,0.608
230,Mega Scizor,4,14,70,150,140,65,100,75,2,False,140,77.0,0.55
231,Shuckle,4,8,20,10,230,10,230,5,2,False,135,,
232,Heracross,4,15,80,125,75,40,95,85,2,False,136,94.0,0.6911764705882353
233,Mega Heracross,4,15,80,185,115,40,105,75,2,False,130,81.0,0.6230769230769231
234,Sneasel,12,16,55,95,55,35,75,115,2,False,113,106.0,0.9380530973451328
235,Teddiursa,2,,60,80,50,50,50,40,2,False,109,26.0,0.23853211009174313
236,Ursaring,2,,90,130,75,75,75,55,2,False,236,236.0,236.0
237,Slugma,6,,40,40,40,70,40,20,2,False,123,4.0,0.032520325203252036
238,Magcargo,6,8,50,50,120,80,80,30,2,False,124,9.0,0.07258064516129033
239,Swinub,16,10,50,50,40,30,30,50,2,False,133,37.0,0.2781954887218045
240,Piloswine,16,10,100,100,80,60,60,50,2,False,118,36.0,0.3050847457627119
241,Corsola,1,8,55,55,85,65,85,35,2,False,139,28.0,0.2014388489208633
242,Remoraid,1,,35,65,35,65,35,65,2,False,148,69.0,0.46621621621621623
243,Octillery,1,,75,105,75,105,75,45,2,False,113,37.0,0.3274336283185841
244,Delibird,16,18,45,55,45,65,45,75,2,False,130,74.0,0.5692307692307692
245,Mantine,1,18,65,40,70,80,140,70,2,False,131,78.0,0.5954198473282443
246,Skarmory,14,18,65,80,140,40,70,70,2,False,134,70.0,0.5223880597014925
247,Houndour,12,6,45,60,30,80,50,65,2,False,126,58.0,0.4603174603174603
248,Houndoom,12,6,75,90,50,110,80,95,2,False,139,111.0,0.7985611510791367
249,Mega Houndoom,12,6,75,90,90,140,90,115,2,False,135,128.0,0.9481481481481482
250,Kingdra,1,9,75,95,95,95,95,85,2,False,136,88.0,0.6470588235294118
251,Phanpy,10,,90,60,60,40,40,40,2,False,132,39.0,0.29545454545454547
252,Donphan,10,,90,120,120,60,60,50,2,False,136,48.0,0.35294117647058826
253,Porygon2,2,,85,80,90,105,95,60,2,False,108,53.0,0.49074074074074076
254,Stantler,2,,73,95,62,85,65,85,2,False,135,90.0,0.6666666666666666
255,Smeargle,2,,55,20,35,20,45,75,2,False,138,52.0,0.37681159420289856
256,Tyrogue,15,,35,35,35,35,35,35,2,False,127,17.0,0.13385826771653545
257,Hitmontop,15,,50,95,95,35,110,70,2,False,139,72.0,0.5179856115107914
258,Smoochum,16,5,45,30,15,85,65,65,2,False,127,46.0,0.36220472440944884
259,Elekid,7,,45,63,37,65,55,95,2,False,144,116.0,0.8055555555555556
260,Magby,6,,45,75,37,70,55,83,2,False,131,81.0,0.6183206106870229
261,Miltank,2,,95,80,105,40,70,100,2,False,128,103.0,0.8046875
262,Blissey,2,,255,10,10,75,135,55,2,False,128,40.0,0.3125
263,Raikou,7,,90,85,75,115,100,115,2,True,97,91.0,0.9381443298969072
264,Entei,6,,115,115,85,90,75,100,2,True,134,109.0,0.8134328358208955
265,Suicune,1,,100,75,115,90,115,85,2,True,121,78.0,0.6446280991735537
266,Larvitar,8,10,50,64,50,45,50,41,2,False,110,25.0,0.22727272727272727
267,Pupitar,8,10,70,84,70,65,70,51,2,False,139,41.0,0.2949640287769784
268,Tyranitar,8,12,100,134,110,95,100,61,2,False,138,56.0,0.4057971014492754
269,Mega Tyranitar,8,12,100,164,150,95,120,71,2,False,124,70.0,0.5645161290322581
270,Lugia,5,18,106,90,130,90,154,110,2,True,123,107.0,0.8699186991869918
271,Ho-oh,6,18,106,130,90,110,154,90,2,True,107,77.0,0.719626168224299
272,Celebi,5,3,100,100,100,100,100,100,2,False,133,111.0,0.8345864661654135
273,Treecko,3,,40,45,35,65,55,70,3,False,116,52.0,0.4482758620689655
274,Grovyle,3,,50,65,45,85,65,95,3,False,105,76.0,0.7238095238095238
275,Sceptile,3,,70,85,65,105,85,120,3,False,122,113.0,0.9262295081967213
276,Mega Sceptile,3,9,70,110,75,145,85,145,3,False,126,119.0,0.9444444444444444
277,Torchic,6,,45,60,40,70,50,45,3,False,137,39.0,0.2846715328467153
278,Combusken,6,15,60,85,60,85,60,55,3,False,147,54.0,0.3673469387755102
279,Blaziken,6,15,80,120,70,110,70,80,3,False,123,79.0,0.6422764227642277
280,Mega Blaziken,6,15,80,160,80,130,80,100,3,False,123,104.0,0.8455284552845529
281,Mudkip,1,,50,70,50,50,50,40,3,False,135,22.0,0.16296296296296298
282,Marshtomp,1,10,70,85,70,60,70,50,3,False,148,42.0,0.28378378378378377
283,Swampert,1,10,100,110,90,85,90,60,3,False,136,65.0,0.47794117647058826
284,Mega Swampert,1,10,100,150,110,95,110,70,3,False,130,77.0,0.5923076923076923
285,Poochyena,12,,35,55,35,30,30,35,3,False,114,27.0,0.23684210526315788
286,Mightyena,12,,70,90,70,60,60,70,3,False,133,85.0,0.6390977443609023
287,Zigzagoon,2,,38,30,41,30,41,60,3,False,107,31.0,0.2897196261682243
288,Linoone,2,,78,70,61,50,61,100,3,False,124,101.0,0.8145161290322581
289,Wurmple,4,,45,45,35,20,30,20,3,False,138,10.0,0.07246376811594203
290,Silcoon,4,,50,35,55,25,25,15,3,False,138,3.0,0.021739130434782608
291,Beautifly,4,18,60,70,50,100,50,65,3,False,138,72.0,0.5217391304347826
292,Cascoon,4,,50,35,55,25,25,15,3,False,133,7.0,0.05263157894736842
293,Dustox,4,13,60,50,70,50,90,65,3,False,139,55.0,0.39568345323741005
294,Lotad,1,3,40,30,30,40,50,30,3,False,126,10.0,0.07936507936507936
295,Lombre,1,3,60,50,50,60,70,50,3,False,127,36.0,0.28346456692913385
296,Ludicolo,1,3,80,70,70,90,100,70,3,False,123,69.0,0.5609756097560976
297,Seedot,3,,40,40,50,30,30,30,3,False,126,11.0,0.0873015873015873
298,Nuzleaf,3,12,70,70,40,60,40,60,3,False,113,48.0,0.4247787610619469
299,Shiftry,3,12,90,100,60,90,60,80,3,False,123,79.0,0.6422764227642277
300,Taillow,2,18,40,55,30,30,30,85,3,False,125,86.0,0.688
301,Swellow,2,18,60,85,60,50,50,125,3,False,121,110.0,0.9090909090909091
302,Wingull,1,18,40,30,30,55,30,85,3,False,120,56.0,0.4666666666666667
303,Pelipper,1,18,60,50,100,85,70,65,3,False,124,59.0,0.47580645161290325
304,Ralts,5,17,28,25,25,45,35,40,3,False,143,23.0,0.16083916083916083
305,Kirlia,5,17,38,35,35,65,55,50,3,False,136,36.0,0.2647058823529412
306,Gardevoir,5,17,68,65,65,125,115,80,3,False,130,84.0,0.6461538461538462
307,Mega Gardevoir,5,17,68,85,65,165,135,100,3,False,120,97.0,0.8083333333333333
308,Surskit,4,1,40,30,32,50,52,65,3,False,128,47.0,0.3671875
309,Masquerain,4,18,70,60,62,80,82,60,3,False,144,63.0,0.4375
310,Shroomish,3,,60,40,60,40,60,35,3,False,144,26.0,0.18055555555555555
311,Breloom,3,15,60,130,80,60,60,70,3,False,130,67.0,0.5153846153846153
312,Slakoth,2,,60,60,60,35,35,30,3,False,134,15.0,0.11194029850746269
313,Vigoroth,2,,80,80,80,55,55,90,3,False,134,86.0,0.6417910447761194
314,Slaking,2,,150,160,100,95,65,100,3,False,150,133.0,0.8866666666666667
315,Nincada,4,10,31,45,90,30,30,40,3,False,114,25.0,0.21929824561403508
316,Ninjask,4,18,61,90,45,50,50,160,3,False,117,108.0,0.9230769230769231
317,Shedinja,4,11,1,90,45,30,30,40,3,False,124,41.0,0.33064516129032256
318,Whismur,2,,64,51,23,51,23,28,3,False,132,15.0,0.11363636363636363
319,Loudred,2,,84,71,43,71,43,48,3,False,143,37.0,0.25874125874125875
320,Exploud,2,,104,91,63,91,73,68,3,False,127,65.0,0.5118110236220472
321,Makuhita,15,,72,60,30,20,30,25,3,False,121,14.0,0.11570247933884298
322,Hariyama,15,,144,120,60,40,60,50,3,False,322,322.0,322.0
323,Azurill,2,17,50,20,40,20,40,20,3,False,135,13.0,0.0962962962962963
324,Nosepass,8,,30,45,135,45,90,30,3,False,140,13.0,0.09285714285714286
325,Skitty,2,,50,45,45,35,35,50,3,False,136,32.0,0.23529411764705882
326,Delcatty,2,,70,65,65,55,55,70,3,False,116,58.0,0.5
327,Sableye,12,11,50,75,75,65,65,50,3,False,121,49.0,0.4049586776859504
328,Mega Sableye,12,11,50,85,125,85,115,20,3,False,137,59.0,0.4306569343065693
329,Mawile,14,17,50,85,85,55,55,50,3,False,123,48.0,0.3902439024390244
330,Mega Mawile,14,17,50,105,125,55,95,50,3,False,141,53.0,0.375886524822695
331,Aron,14,8,50,70,100,40,40,30,3,False,126,28.0,0.2222222222222222
332,Lairon,14,8,60,90,140,50,50,40,3,False,142,36.0,0.2535211267605634
333,Aggron,14,8,70,110,180,60,60,50,3,False,153,63.0,0.4117647058823529
334,Mega Aggron,14,,70,140,230,60,80,50,3,False,148,48.0,0.32432432432432434
335,Meditite,15,5,30,40,55,40,55,60,3,False,139,45.0,0.3237410071942446
336,Medicham,15,5,60,60,75,60,75,80,3,False,112,82.0,0.7321428571428571
337,Mega Medicham,15,5,60,100,85,80,85,100,3,False,127,89.0,0.7007874015748031
338,Electrike,7,,40,45,40,65,40,65,3,False,136,77.0,0.5661764705882353
339,Manectric,7,,70,75,60,105,60,105,3,False,125,110.0,0.88
340,Mega Manectric,7,,70,75,80,135,80,135,3,False,134,123.0,0.917910447761194
341,Plusle,7,,60,50,40,85,75,95,3,False,122,92.0,0.7540983606557377
342,Minun,7,,60,40,50,75,85,95,3,False,134,81.0,0.6044776119402985
343,Volbeat,4,,65,73,55,47,75,85,3,False,111,76.0,0.6846846846846847
344,Illumise,4,,65,47,55,73,75,85,3,False,160,104.0,0.65
345,Roselia,3,13,50,60,45,100,80,65,3,False,116,53.0,0.45689655172413796
346,Gulpin,13,,70,43,53,43,53,40,3,False,110,21.0,0.19090909090909092
347,Swalot,13,,100,73,83,73,83,55,3,False,121,45.0,0.371900826446281
348,Carvanha,1,12,45,90,20,65,20,65,3,False,129,66.0,0.5116279069767442
349,Sharpedo,1,12,70,120,40,95,40,95,3,False,132,107.0,0.8106060606060606
350,Mega Sharpedo,1,12,70,140,70,110,65,105,3,False,120,114.0,0.95
351,Wailmer,1,,130,70,35,70,35,60,3,False,112,45.0,0.4017857142857143
352,Wailord,1,,170,90,45,90,45,60,3,False,138,59.0,0.427536231884058
353,Numel,6,10,60,60,40,65,45,35,3,False,120,19.0,0.15833333333333333
354,Camerupt,6,10,70,100,70,105,75,40,3,False,112,26.0,0.23214285714285715
355,Mega Camerupt,6,10,70,120,100,145,105,20,3,False,131,37.0,0.2824427480916031
356,Torkoal,6,,70,85,140,85,70,20,3,False,125,34.0,0.272
357,Spoink,5,,60,25,35,70,80,60,3,False,117,36.0,0.3076923076923077
358,Grumpig,5,,80,45,65,90,110,80,3,False,108,59.0,0.5462962962962963
359,Spinda,2,,60,60,60,60,60,60,3,False,126,48.0,0.38095238095238093
360,Trapinch,10,,45,100,45,45,45,10,3,False,139,41.0,0.2949640287769784
361,Vibrava,10,9,50,70,50,50,50,70,3,False,124,70.0,0.5645161290322581
362,Flygon,10,9,80,100,80,80,80,100,3,False,116,105.0,0.9051724137931034
363,Cacnea,3,,50,85,40,85,40,35,3,False,126,22.0,0.1746031746031746
364,Cacturne,3,12,70,115,60,115,60,55,3,False,142,66.0,0.4647887323943662
365,Swablu,2,18,45,40,60,40,75,50,3,False,123,36.0,0.2926829268292683
366,Altaria,9,18,75,70,90,70,105,80,3,False,125,82.0,0.656
367,Mega Altaria,9,17,75,110,110,110,105,80,3,False,137,90.0,0.656934306569343
368,Zangoose,2,,73,115,60,60,60,90,3,False,118,79.0,0.6694915254237288
369,Seviper,13,,73,100,60,100,60,65,3,False,143,61.0,0.42657342657342656
370,Lunatone,8,5,70,55,65,95,85,70,3,False,130,69.0,0.5307692307692308
371,Solrock,8,5,70,95,85,55,65,70,3,False,108,54.0,0.5
372,Barboach,1,10,50,48,43,46,41,60,3,False,148,70.0,0.47297297297297297
373,Whiscash,1,10,110,78,73,76,71,60,3,False,123,41.0,0.3333333333333333
374,Corphish,1,,43,80,65,50,35,35,3,False,155,22.0,0.14193548387096774
375,Crawdaunt,1,12,63,120,85,90,55,55,3,False,121,34.0,0.2809917355371901
376,Baltoy,10,5,40,40,55,40,70,55,3,False,149,61.0,0.40939597315436244
377,Claydol,10,5,60,70,105,70,120,75,3,False,122,73.0,0.5983606557377049
378,Lileep,8,3,66,41,77,61,87,23,3,False,124,15.0,0.12096774193548387
379,Cradily,8,3,86,81,97,81,107,43,3,False,128,26.0,0.203125
380,Anorith,8,4,45,95,50,40,50,75,3,False,150,81.0,0.54
381,Armaldo,8,4,75,125,100,70,80,45,3,False,112,37.0,0.33035714285714285
382,Feebas,1,,20,15,20,10,55,80,3,False,123,33.0,0.2682926829268293
383,Milotic,1,,95,60,79,100,125,81,3,False,129,80.0,0.6201550387596899
384,Castform,2,,70,70,70,70,70,70,3,False,121,64.0,0.5289256198347108
385,Kecleon,2,,60,90,70,60,120,40,3,False,124,34.0,0.27419354838709675
386,Shuppet,11,,44,75,35,63,33,45,3,False,136,36.0,0.2647058823529412
387,Banette,11,,64,115,65,83,63,65,3,False,139,74.0,0.5323741007194245
388,Mega Banette,11,,64,165,75,93,83,75,3,False,126,83.0,0.6587301587301587
389,Duskull,11,,20,40,90,30,90,25,3,False,132,15.0,0.11363636363636363
390,Dusclops,11,,40,70,130,60,130,25,3,False,121,21.0,0.17355371900826447
391,Tropius,3,18,99,68,83,72,87,51,3,False,134,56.0,0.417910447761194
392,Chimecho,5,,65,50,70,95,80,65,3,False,122,52.0,0.4262295081967213
393,Absol,12,,65,130,60,75,60,75,3,False,129,89.0,0.689922480620155
394,Mega Absol,12,,65,150,60,115,60,115,3,False,139,130.0,0.935251798561151
395,Wynaut,5,,95,23,48,23,48,23,3,False,130,6.0,0.046153846153846156
396,Snorunt,16,,50,50,50,50,50,50,3,False,127,39.0,0.30708661417322836
397,Glalie,16,,80,80,80,80,80,80,3,False,133,80.0,0.6015037593984962
398,Mega Glalie,16,,80,120,80,120,80,100,3,False,92,78.0,0.8478260869565217
399,Spheal,16,1,70,40,50,55,50,25,3,False,131,8.0,0.061068702290076333
400,Sealeo,16,1,90,60,70,75,70,45,3,False,134,32.0,0.23880597014925373
401,Walrein,16,1,110,80,90,95,90,65,3,False,149,75.0,0.5033557046979866
402,Clamperl,1,,35,64,85,74,55,32,3,False,116,23.0,0.19827586206896552
403,Huntail,1,,55,104,105,94,75,52,3,False,132,48.0,0.36363636363636365
404,Gorebyss,1,,55,84,105,114,75,52,3,False,128,37.0,0.2890625
405,Relicanth,1,8,100,90,130,45,65,55,3,False,134,57.0,0.4253731343283582
406,Luvdisc,1,,43,30,55,40,65,97,3,False,131,79.0,0.6030534351145038
407,Bagon,9,,45,75,60,40,30,50,3,False,125,38.0,0.304
408,Shelgon,9,,65,95,100,60,50,50,3,False,123,43.0,0.34959349593495936
409,Salamence,9,18,95,135,80,110,80,100,3,False,137,113.0,0.8248175182481752
410,Mega Salamence,9,18,95,145,130,120,90,120,3,False,133,125.0,0.9398496240601504
411,Beldum,14,5,40,55,80,35,60,30,3,False,133,20.0,0.15037593984962405
412,Metang,14,5,60,75,100,55,80,50,3,False,136,42.0,0.3088235294117647
413,Metagross,14,5,80,135,130,95,90,70,3,False,110,57.0,0.5181818181818182
414,Mega Metagross,14,5,80,145,150,105,110,110,3,False,130,113.0,0.8692307692307693
415,Regirock,8,,80,100,200,50,100,50,3,True,144,50.0,0.3472222222222222
416,Regice,16,,80,50,100,100,200,50,3,True,140,33.0,0.2357142857142857
417,Registeel,14,,80,75,150,75,150,50,3,True,113,35.0,0.30973451327433627
418,Latias,9,5,80,80,90,110,130,110,3,True,133,116.0,0.8721804511278195
419,Mega Latias,9,5,80,100,120,140,150,110,3,True,419,419.0,419.0
420,Latios,9,5,80,90,80,130,110,110,3,True,125,107.0,0.856
421,Mega Latios,9,5,80,130,100,160,120,110,3,True,108,97.0,0.8981481481481481
422,Kyogre,1,,100,100,90,150,140,90,3,True,128,92.0,0.71875
423,Primal Kyogre,1,,100,150,90,180,160,90,3,True,132,97.0,0.7348484848484849
424,Groudon,10,,100,150,140,100,90,90,3,True,133,106.0,0.7969924812030075
425,Primal Groudon,10,6,100,180,160,150,90,90,3,True,121,91.0,0.7520661157024794
426,Rayquaza,9,18,105,150,90,150,90,95,3,True,140,116.0,0.8285714285714286
427,Mega Rayquaza,9,18,105,180,100,180,100,115,3,True,134,127.0,0.9477611940298507
428,Jirachi,14,5,100,100,100,100,100,100,3,True,153,134.0,0.8758169934640523
429,Deoxys Normal Forme,5,,50,150,50,150,50,150,3,True,106,99.0,0.9339622641509434
430,DeoxysAttack Forme,5,,50,180,20,180,20,150,3,True,134,121.0,0.9029850746268657
431,Deoxys Defense Forme,5,,50,70,160,70,160,90,3,True,151,112.0,0.7417218543046358
432,Deoxys Speed Forme,5,,50,95,90,95,90,180,3,True,145,133.0,0.9172413793103448
433,Turtwig,3,,55,68,64,45,55,31,4,False,120,14.0,0.11666666666666667
434,Grotle,3,,75,89,85,55,65,36,4,False,132,39.0,0.29545454545454547
435,Torterra,3,10,95,109,105,75,85,56,4,False,113,39.0,0.34513274336283184
436,Chimchar,6,,44,58,44,58,44,61,4,False,112,47.0,0.41964285714285715
437,Monferno,6,15,64,78,52,78,52,81,4,False,123,79.0,0.6422764227642277
438,Infernape,6,15,76,104,71,104,71,108,4,False,149,136.0,0.912751677852349
439,Piplup,1,,53,51,53,61,56,40,4,False,140,20.0,0.14285714285714285
440,Prinplup,1,,64,66,68,81,76,50,4,False,131,33.0,0.25190839694656486
441,Empoleon,1,14,84,86,88,111,101,60,4,False,123,57.0,0.4634146341463415
442,Starly,2,18,40,55,30,30,30,60,4,False,124,54.0,0.43548387096774194
443,Staravia,2,18,55,75,50,40,40,80,4,False,119,75.0,0.6302521008403361
444,Staraptor,2,18,85,120,70,50,60,100,4,False,136,113.0,0.8308823529411765
445,Bidoof,2,,59,45,40,35,40,31,4,False,133,19.0,0.14285714285714285
446,Bibarel,2,1,79,85,60,55,60,71,4,False,139,84.0,0.60431654676259
447,Kricketot,4,,37,25,41,25,41,25,4,False,124,11.0,0.08870967741935484
448,Kricketune,4,,77,85,51,55,51,65,4,False,122,63.0,0.5163934426229508
449,Shinx,7,,45,65,34,40,34,45,4,False,139,36.0,0.2589928057553957
450,Luxio,7,,60,85,49,60,49,60,4,False,126,56.0,0.4444444444444444
451,Luxray,7,,80,120,79,95,79,70,4,False,132,77.0,0.5833333333333334
452,Budew,3,13,40,30,35,50,70,55,4,False,117,33.0,0.28205128205128205
453,Roserade,3,13,60,70,65,125,105,90,4,False,136,94.0,0.6911764705882353
454,Cranidos,8,,67,125,40,30,30,58,4,False,102,35.0,0.3431372549019608
455,Rampardos,8,,97,165,60,65,50,58,4,False,123,48.0,0.3902439024390244
456,Shieldon,8,14,30,42,118,42,88,30,4,False,125,14.0,0.112
457,Bastiodon,8,14,60,52,168,47,138,30,4,False,121,24.0,0.19834710743801653
458,Burmy,4,,40,29,45,29,45,36,4,False,123,18.0,0.14634146341463414
459,Wormadam Plant Cloak,4,3,60,59,85,79,105,36,4,False,126,21.0,0.16666666666666666
460,Wormadam Sandy Cloak,4,10,60,79,105,59,85,36,4,False,129,22.0,0.17054263565891473
461,Wormadam Trash Cloak,4,14,60,69,95,69,95,36,4,False,138,36.0,0.2608695652173913
462,Mothim,4,18,70,94,50,94,50,66,4,False,135,65.0,0.48148148148148145
463,Combee,4,18,30,30,42,30,42,70,4,False,130,55.0,0.4230769230769231
464,Vespiquen,4,18,70,80,102,80,102,40,4,False,127,34.0,0.2677165354330709
465,Pachirisu,7,,60,45,70,45,90,95,4,False,141,103.0,0.7304964539007093
466,Buizel,1,,55,65,35,60,30,85,4,False,111,68.0,0.6126126126126126
467,Floatzel,1,,85,105,55,85,50,115,4,False,124,112.0,0.9032258064516129
468,Cherubi,3,,45,35,45,62,53,35,4,False,135,16.0,0.11851851851851852
469,Cherrim,3,,70,60,70,87,78,85,4,False,114,71.0,0.6228070175438597
470,Shellos,1,,76,48,48,57,62,34,4,False,154,18.0,0.11688311688311688
471,Gastrodon,1,10,111,83,68,92,82,39,4,False,124,22.0,0.1774193548387097
472,Ambipom,2,,75,100,66,60,66,115,4,False,111,102.0,0.918918918918919
473,Drifloon,11,18,90,50,34,60,44,70,4,False,113,71.0,0.6283185840707964
474,Drifblim,11,18,150,80,44,90,54,80,4,False,128,80.0,0.625
475,Buneary,2,,55,66,44,44,56,85,4,False,135,93.0,0.6888888888888889
476,Lopunny,2,,65,76,84,54,96,105,4,False,121,109.0,0.9008264462809917
477,Mega Lopunny,2,15,65,136,94,54,96,135,4,False,129,124.0,0.9612403100775194
478,Mismagius,11,,60,60,60,105,105,105,4,False,125,106.0,0.848
479,Honchkrow,12,18,100,125,52,105,52,71,4,False,479,479.0,479.0
480,Glameow,2,,49,55,42,42,37,85,4,False,117,71.0,0.6068376068376068
481,Purugly,2,,71,82,64,64,59,112,4,False,119,111.0,0.9327731092436975
482,Chingling,5,,45,30,50,65,50,45,4,False,123,17.0,0.13821138211382114
483,Stunky,13,12,63,63,47,41,41,74,4,False,125,70.0,0.56
484,Skuntank,13,12,103,93,67,71,61,84,4,False,119,85.0,0.7142857142857143
485,Bronzor,14,5,57,24,86,24,86,23,4,False,110,14.0,0.12727272727272726
486,Bronzong,14,5,67,89,116,79,116,33,4,False,141,37.0,0.2624113475177305
487,Bonsly,8,,50,80,95,10,45,10,4,False,125,29.0,0.232
488,Mime Jr.,5,17,20,25,45,70,90,60,4,False,120,37.0,0.30833333333333335
489,Happiny,2,,100,5,5,15,65,30,4,False,104,8.0,0.07692307692307693
490,Chatot,2,18,76,65,45,92,42,91,4,False,149,111.0,0.7449664429530202
491,Spiritomb,11,12,50,92,108,92,108,35,4,False,118,29.0,0.2457627118644068
492,Gible,9,10,58,70,45,40,45,42,4,False,135,35.0,0.25925925925925924
493,Gabite,9,10,68,90,65,50,55,82,4,False,133,82.0,0.6165413533834586
494,Garchomp,9,10,108,130,95,80,85,102,4,False,127,97.0,0.7637795275590551
495,Mega Garchomp,9,10,108,170,115,120,95,92,4,False,120,85.0,0.7083333333333334
496,Munchlax,2,,135,85,40,40,85,5,4,False,118,81.0,0.6864406779661016
497,Riolu,15,,40,70,40,35,40,60,4,False,125,49.0,0.392
498,Lucario,15,14,70,110,70,115,70,90,4,False,120,90.0,0.75
499,Mega Lucario,15,14,70,145,88,140,70,112,4,False,108,96.0,0.8888888888888888
500,Hippopotas,10,,68,72,78,38,42,32,4,False,126,30.0,0.23809523809523808
501,Hippowdon,10,,108,112,118,68,72,47,4,False,120,35.0,0.2916666666666667
502,Skorupi,13,4,40,50,90,30,55,65,4,False,141,63.0,0.44680851063829785
503,Drapion,13,12,70,90,110,60,75,95,4,False,120,88.0,0.7333333333333333
504,Croagunk,13,15,48,61,40,61,40,50,4,False,114,29.0,0.2543859649122807
505,Toxicroak,13,15,83,106,65,86,65,85,4,False,128,85.0,0.6640625
506,Carnivine,3,,74,100,72,90,72,46,4,False,114,28.0,0.24561403508771928
507,Finneon,1,,49,49,56,49,61,66,4,False,131,68.0,0.5190839694656488
508,Lumineon,1,,69,69,76,69,86,91,4,False,119,78.0,0.6554621848739496
509,Mantyke,1,18,45,20,50,60,120,50,4,False,108,26.0,0.24074074074074073
510,Snover,3,16,60,62,50,62,60,40,4,False,121,22.0,0.18181818181818182
511,Abomasnow,3,16,90,92,75,92,85,60,4,False,121,60.0,0.49586776859504134
512,Mega Abomasnow,3,16,90,132,105,132,105,30,4,False,146,62.0,0.4246575342465753
513,Weavile,12,16,70,120,65,45,85,125,4,False,119,116.0,0.9747899159663865
514,Magnezone,7,14,70,70,115,130,90,60,4,False,118,63.0,0.5338983050847458
515,Lickilicky,2,,110,85,95,80,95,50,4,False,129,35.0,0.2713178294573643
516,Rhyperior,10,8,115,140,130,55,55,40,4,False,104,47.0,0.4519230769230769
517,Tangrowth,3,,100,100,125,110,50,50,4,False,125,48.0,0.384
518,Electivire,7,,75,123,67,95,85,95,4,False,123,94.0,0.7642276422764228
519,Magmortar,6,,75,95,67,125,95,83,4,False,111,79.0,0.7117117117117117
520,Togekiss,17,18,85,50,95,120,115,80,4,False,126,73.0,0.5793650793650794
521,Yanmega,4,18,86,76,86,116,56,95,4,False,114,91.0,0.7982456140350878
522,Leafeon,3,,65,110,130,60,65,95,4,False,151,125.0,0.8278145695364238
523,Glaceon,16,,65,60,110,130,95,65,4,False,134,64.0,0.47761194029850745
524,Gliscor,10,18,75,95,125,45,75,95,4,False,132,109.0,0.8257575757575758
525,Mamoswine,16,10,110,130,80,70,60,80,4,False,116,68.0,0.5862068965517241
526,Porygon-Z,2,,85,80,70,135,75,90,4,False,147,103.0,0.7006802721088435
527,Gallade,5,15,68,125,65,65,115,80,4,False,137,86.0,0.6277372262773723
528,Mega Gallade,5,15,68,165,95,65,115,110,4,False,130,112.0,0.8615384615384616
529,Probopass,8,14,60,55,145,75,150,40,4,False,130,26.0,0.2
530,Dusknoir,11,,45,100,135,65,135,45,4,False,136,40.0,0.29411764705882354
531,Froslass,16,11,70,80,70,80,70,110,4,False,138,91.0,0.6594202898550725
532,Rotom,7,11,50,50,77,95,77,91,4,False,120,71.0,0.5916666666666667
533,Heat Rotom,7,6,50,65,107,105,107,86,4,False,113,79.0,0.6991150442477876
534,Wash Rotom,7,1,50,65,107,105,107,86,4,False,116,90.0,0.7758620689655172
535,Frost Rotom,7,16,50,65,107,105,107,86,4,False,128,90.0,0.703125
536,Fan Rotom,7,18,50,65,107,105,107,86,4,False,121,88.0,0.7272727272727273
537,Mow Rotom,7,3,50,65,107,105,107,86,4,False,134,98.0,0.7313432835820896
538,Uxie,5,,75,75,130,75,130,95,4,True,123,92.0,0.7479674796747967
539,Mesprit,5,,80,105,105,105,105,80,4,True,133,79.0,0.5939849624060151
540,Azelf,5,,75,125,70,125,70,115,4,True,135,122.0,0.9037037037037037
541,Dialga,14,9,100,120,120,150,100,90,4,True,151,119.0,0.7880794701986755
542,Palkia,1,9,90,120,100,150,120,100,4,True,149,115.0,0.7718120805369127
543,Heatran,6,14,91,90,106,130,106,77,4,True,131,85.0,0.648854961832061
544,Regigigas,2,,110,160,110,80,110,100,4,True,142,122.0,0.8591549295774648
545,Giratina Altered Forme,11,9,150,100,120,100,120,90,4,True,111,74.0,0.6666666666666666
546,Giratina Origin Forme,11,9,150,120,100,120,100,90,4,True,134,89.0,0.664179104477612
547,Cresselia,5,,120,70,120,75,130,85,4,False,118,79.0,0.6694915254237288
548,Phione,1,,80,80,80,80,80,80,4,False,132,74.0,0.5606060606060606
549,Manaphy,1,,100,100,100,100,100,100,4,False,134,118.0,0.8805970149253731
550,Darkrai,12,,70,90,90,135,90,125,4,True,117,110.0,0.9401709401709402
551,Shaymin Land Forme,3,,100,100,100,100,100,100,4,True,136,117.0,0.8602941176470589
552,Shaymin Sky Forme,3,18,100,103,75,120,75,127,4,True,118,111.0,0.940677966101695
553,Arceus,2,,120,120,120,120,120,120,4,True,122,114.0,0.9344262295081968
554,Victini,5,6,100,100,100,100,100,100,5,True,131,115.0,0.8778625954198473
555,Snivy,3,,45,45,55,45,55,63,5,False,111,51.0,0.4594594594594595
556,Servine,3,,60,60,75,60,75,83,5,False,556,556.0,556.0
557,Serperior,3,,75,75,95,75,95,113,5,False,132,119.0,0.9015151515151515
558,Tepig,6,,65,63,45,45,45,45,5,False,131,34.0,0.2595419847328244
559,Pignite,6,15,90,93,55,70,55,55,5,False,144,55.0,0.3819444444444444
560,Emboar,6,15,110,123,65,100,65,65,5,False,138,72.0,0.5217391304347826
561,Oshawott,1,,55,55,45,63,45,45,5,False,124,31.0,0.25
562,Dewott,1,,75,75,60,83,60,60,5,False,122,48.0,0.39344262295081966
563,Samurott,1,,95,100,85,108,70,70,5,False,115,65.0,0.5652173913043478
564,Patrat,2,,45,55,39,35,39,42,5,False,135,25.0,0.18518518518518517
565,Watchog,2,,60,85,69,60,69,77,5,False,133,69.0,0.518796992481203
566,Lillipup,2,,45,60,45,25,45,55,5,False,100,29.0,0.29
567,Herdier,2,,65,80,65,35,65,60,5,False,138,53.0,0.38405797101449274
568,Stoutland,2,,85,110,90,45,90,80,5,False,116,72.0,0.6206896551724138
569,Purrloin,12,,41,50,37,50,37,66,5,False,114,59.0,0.5175438596491229
570,Liepard,12,,64,88,50,88,50,106,5,False,135,123.0,0.9111111111111111
571,Pansage,3,,50,53,48,53,48,64,5,False,130,53.0,0.4076923076923077
572,Simisage,3,,75,98,63,98,63,101,5,False,131,106.0,0.8091603053435115
573,Pansear,6,,50,53,48,53,48,64,5,False,130,60.0,0.46153846153846156
574,Simisear,6,,75,98,63,98,63,101,5,False,127,113.0,0.889763779527559
575,Panpour,1,,50,53,48,53,48,64,5,False,117,42.0,0.358974358974359
576,Simipour,1,,75,98,63,98,63,101,5,False,133,113.0,0.849624060150376
577,Munna,5,,76,25,45,67,55,24,5,False,128,5.0,0.0390625
578,Musharna,5,,116,55,85,107,95,29,5,False,132,9.0,0.06818181818181818
579,Pidove,2,18,50,55,50,36,30,43,5,False,154,45.0,0.2922077922077922
580,Tranquill,2,18,62,77,62,50,42,65,5,False,124,60.0,0.4838709677419355
581,Unfezant,2,18,80,115,80,65,55,93,5,False,130,102.0,0.7846153846153846
582,Blitzle,7,,45,60,32,50,32,76,5,False,135,80.0,0.5925925925925926
583,Zebstrika,7,,75,100,63,80,63,116,5,False,107,100.0,0.9345794392523364
584,Roggenrola,8,,55,75,85,25,25,15,5,False,144,27.0,0.1875
585,Boldore,8,,70,105,105,50,40,20,5,False,131,44.0,0.33587786259541985
586,Gigalith,8,,85,135,130,60,80,25,5,False,148,60.0,0.40540540540540543
587,Woobat,5,18,55,45,43,55,43,72,5,False,123,72.0,0.5853658536585366
588,Swoobat,5,18,67,57,55,77,55,114,5,False,116,103.0,0.8879310344827587
589,Drilbur,10,,60,85,40,30,45,68,5,False,109,70.0,0.6422018348623854
590,Excadrill,10,14,110,135,60,50,65,88,5,False,133,103.0,0.7744360902255639
591,Audino,2,,103,60,86,60,86,50,5,False,133,46.0,0.3458646616541353
592,Mega Audino,2,17,103,60,126,80,126,50,5,False,132,48.0,0.36363636363636365
593,Timburr,15,,75,80,55,25,35,35,5,False,150,28.0,0.18666666666666668
594,Gurdurr,15,,85,105,85,40,50,40,5,False,118,25.0,0.211864406779661
595,Conkeldurr,15,,105,140,95,55,65,45,5,False,130,39.0,0.3
596,Tympole,1,,50,50,40,50,40,64,5,False,136,62.0,0.45588235294117646
597,Palpitoad,1,10,75,65,55,65,55,69,5,False,124,54.0,0.43548387096774194
598,Seismitoad,1,10,105,95,75,85,75,74,5,False,119,68.0,0.5714285714285714
599,Throh,15,,120,100,85,30,85,45,5,False,147,33.0,0.22448979591836735
600,Sawk,15,,75,125,75,30,75,85,5,False,136,85.0,0.625
601,Sewaddle,4,3,45,53,70,40,60,42,5,False,136,35.0,0.25735294117647056
602,Swadloon,4,3,55,63,90,50,80,42,5,False,123,26.0,0.21138211382113822
603,Leavanny,4,3,75,103,80,70,80,92,5,False,121,96.0,0.7933884297520661
604,Venipede,4,13,30,45,59,30,39,57,5,False,132,37.0,0.2803030303030303
605,Whirlipede,4,13,40,55,99,40,79,47,5,False,99,26.0,0.26262626262626265
606,Scolipede,4,13,60,100,89,55,69,112,5,False,114,106.0,0.9298245614035088
607,Cottonee,3,17,40,27,60,37,50,66,5,False,127,46.0,0.36220472440944884
608,Whimsicott,3,17,60,67,85,77,75,116,5,False,117,104.0,0.8888888888888888
609,Petilil,3,,45,35,50,70,50,30,5,False,146,23.0,0.15753424657534246
610,Lilligant,3,,70,60,75,110,75,90,5,False,127,91.0,0.7165354330708661
611,Basculin,1,,70,92,65,80,55,98,5,False,110,89.0,0.8090909090909091
612,Sandile,10,12,50,72,35,35,35,65,5,False,134,72.0,0.5373134328358209
613,Krokorok,10,12,60,82,45,45,45,74,5,False,113,65.0,0.5752212389380531
614,Krookodile,10,12,95,117,80,65,70,92,5,False,132,111.0,0.8409090909090909
615,Darumaka,6,,70,90,45,15,45,50,5,False,124,45.0,0.3629032258064516
616,Darmanitan Standard Mode,6,,105,140,55,30,55,95,5,False,133,109.0,0.8195488721804511
617,Darmanitan Zen Mode,6,5,105,30,105,140,105,55,5,False,122,43.0,0.3524590163934426
618,Maractus,3,,75,86,67,106,67,60,5,False,618,618.0,618.0
619,Dwebble,4,8,50,65,85,35,35,55,5,False,132,43.0,0.32575757575757575
620,Crustle,4,8,70,95,125,65,75,45,5,False,119,40.0,0.33613445378151263
621,Scraggy,12,15,50,75,70,35,70,48,5,False,109,32.0,0.29357798165137616
622,Scrafty,12,15,65,90,115,45,115,58,5,False,121,61.0,0.5041322314049587
623,Sigilyph,5,18,72,58,80,103,80,97,5,False,152,109.0,0.7171052631578947
624,Yamask,11,,38,30,85,55,65,30,5,False,126,27.0,0.21428571428571427
625,Cofagrigus,11,,58,50,145,95,105,30,5,False,122,30.0,0.2459016393442623
626,Tirtouga,1,8,54,78,103,53,45,22,5,False,129,30.0,0.23255813953488372
627,Carracosta,1,8,74,108,133,83,65,32,5,False,140,45.0,0.32142857142857145
628,Archen,8,18,55,112,45,74,45,70,5,False,118,66.0,0.559322033898305
629,Archeops,8,18,75,140,65,112,65,110,5,False,128,117.0,0.9140625
630,Trubbish,13,,50,50,62,40,62,65,5,False,117,49.0,0.4188034188034188
631,Garbodor,13,,80,95,82,60,82,75,5,False,145,87.0,0.6
632,Zorua,12,,40,65,40,80,40,65,5,False,131,66.0,0.5038167938931297
633,Zoroark,12,,60,105,60,120,60,105,5,False,113,100.0,0.8849557522123894
634,Minccino,2,,55,50,40,40,40,75,5,False,148,88.0,0.5945945945945946
635,Cinccino,2,,75,95,60,65,60,115,5,False,131,115.0,0.8778625954198473
636,Gothita,5,,45,30,50,55,65,45,5,False,125,26.0,0.208
637,Gothorita,5,,60,45,70,75,85,55,5,False,123,37.0,0.3008130081300813
638,Gothitelle,5,,70,55,95,95,110,65,5,False,133,65.0,0.48872180451127817
639,Solosis,5,,45,30,40,105,50,20,5,False,129,4.0,0.031007751937984496
640,Duosion,5,,65,40,50,125,60,30,5,False,124,9.0,0.07258064516129033
641,Reuniclus,5,,110,65,75,125,85,30,5,False,120,18.0,0.15
642,Ducklett,1,18,62,44,50,44,50,55,5,False,124,45.0,0.3629032258064516
643,Swanna,1,18,75,87,63,87,63,98,5,False,119,103.0,0.865546218487395
644,Vanillite,16,,36,50,50,65,60,44,5,False,110,18.0,0.16363636363636364
645,Vanillish,16,,51,65,65,80,75,59,5,False,126,55.0,0.4365079365079365
646,Vanilluxe,16,,71,95,85,110,95,79,5,False,125,83.0,0.664
647,Deerling,2,3,60,60,50,40,50,75,5,False,119,70.0,0.5882352941176471
648,Sawsbuck,2,3,80,100,70,60,70,95,5,False,120,89.0,0.7416666666666667
649,Emolga,7,18,55,75,60,75,60,103,5,False,114,91.0,0.7982456140350878
650,Karrablast,4,,50,75,45,40,45,60,5,False,121,53.0,0.4380165289256198
651,Escavalier,4,14,70,135,105,60,105,20,5,False,124,72.0,0.5806451612903226
652,Foongus,3,13,69,55,45,55,55,15,5,False,120,14.0,0.11666666666666667
653,Amoonguss,3,13,114,85,70,85,80,30,5,False,121,25.0,0.2066115702479339
654,Frillish,1,11,55,40,50,65,85,40,5,False,132,42.0,0.3181818181818182
655,Jellicent,1,11,100,60,70,85,105,60,5,False,655,655.0,655.0
656,Alomomola,1,,165,75,80,40,45,65,5,False,132,68.0,0.5151515151515151
657,Joltik,4,7,50,47,50,57,50,65,5,False,138,64.0,0.463768115942029
658,Galvantula,4,7,70,77,60,97,60,108,5,False,137,115.0,0.8394160583941606
659,Ferroseed,3,14,44,50,91,24,86,10,5,False,111,22.0,0.1981981981981982
660,Ferrothorn,3,14,74,94,131,54,116,20,5,False,136,61.0,0.4485294117647059
661,Klink,14,,40,55,70,45,60,30,5,False,113,12.0,0.10619469026548672
662,Klang,14,,60,80,95,70,85,50,5,False,121,27.0,0.2231404958677686
663,Klinklang,14,,60,100,115,70,85,90,5,False,131,99.0,0.7557251908396947
664,Tynamo,7,,35,55,40,45,40,60,5,False,126,45.0,0.35714285714285715
665,Eelektrik,7,,65,85,70,75,70,40,5,False,128,26.0,0.203125
666,Eelektross,7,,85,115,80,105,80,50,5,False,111,34.0,0.3063063063063063
667,Elgyem,5,,55,55,55,85,55,30,5,False,159,21.0,0.1320754716981132
668,Beheeyem,5,,75,75,75,125,95,40,5,False,134,21.0,0.15671641791044777
669,Litwick,11,6,50,30,55,65,55,20,5,False,117,16.0,0.13675213675213677
670,Lampent,11,6,60,40,60,95,60,55,5,False,135,57.0,0.4222222222222222
671,Chandelure,11,6,60,55,90,145,90,80,5,False,112,68.0,0.6071428571428571
672,Axew,9,,46,87,60,30,40,57,5,False,135,51.0,0.37777777777777777
673,Fraxure,9,,66,117,70,40,50,67,5,False,129,59.0,0.4573643410852713
674,Haxorus,9,,76,147,90,60,70,97,5,False,127,105.0,0.8267716535433071
675,Cubchoo,16,,55,70,40,60,40,40,5,False,115,31.0,0.26956521739130435
676,Beartic,16,,95,110,80,70,80,50,5,False,129,48.0,0.37209302325581395
677,Cryogonal,16,,70,50,30,95,135,105,5,False,148,119.0,0.8040540540540541
678,Shelmet,4,,50,40,85,40,65,25,5,False,124,11.0,0.08870967741935484
679,Accelgor,4,,80,70,40,100,60,145,5,False,128,118.0,0.921875
680,Stunfisk,10,7,109,66,84,81,99,32,5,False,144,29.0,0.2013888888888889
681,Mienfoo,15,,45,85,50,55,50,65,5,False,130,66.0,0.5076923076923077
682,Mienshao,15,,65,125,60,95,60,105,5,False,131,121.0,0.9236641221374046
683,Druddigon,9,,77,120,90,60,90,48,5,False,140,39.0,0.2785714285714286
684,Golett,10,11,59,74,50,35,50,35,5,False,128,40.0,0.3125
685,Golurk,10,11,89,124,80,55,80,55,5,False,126,72.0,0.5714285714285714
686,Pawniard,12,14,45,85,70,40,40,60,5,False,109,57.0,0.5229357798165137
687,Bisharp,12,14,65,125,100,60,70,70,5,False,141,86.0,0.6099290780141844
688,Bouffalant,2,,95,110,95,40,95,55,5,False,119,48.0,0.40336134453781514
689,Rufflet,2,18,70,83,50,37,50,60,5,False,122,41.0,0.3360655737704918
690,Braviary,2,18,100,123,75,57,75,80,5,False,156,108.0,0.6923076923076923
691,Vullaby,12,18,70,55,75,45,65,60,5,False,122,56.0,0.45901639344262296
692,Mandibuzz,12,18,110,65,105,55,95,80,5,False,147,92.0,0.6258503401360545
693,Heatmor,6,,85,97,66,105,66,65,5,False,121,57.0,0.47107438016528924
694,Durant,4,14,58,109,112,48,48,109,5,False,134,118.0,0.8805970149253731
695,Deino,12,9,52,65,50,45,50,38,5,False,124,34.0,0.27419354838709675
696,Zweilous,12,9,72,85,70,65,70,58,5,False,138,57.0,0.41304347826086957
697,Hydreigon,12,9,92,105,90,125,90,98,5,False,129,106.0,0.8217054263565892
698,Larvesta,4,6,55,85,55,50,55,60,5,False,137,58.0,0.4233576642335766
699,Volcarona,4,6,85,60,65,135,105,100,5,False,137,103.0,0.7518248175182481
700,Cobalion,14,15,91,90,129,90,72,108,5,True,128,117.0,0.9140625
701,Terrakion,8,15,91,129,90,72,90,108,5,True,123,105.0,0.8536585365853658
702,Virizion,3,15,91,90,72,90,129,108,5,True,125,112.0,0.896
703,Tornadus Incarnate Forme,18,,79,115,70,125,80,111,5,True,111,94.0,0.8468468468468469
704,Tornadus Therian Forme,18,,79,100,80,110,90,121,5,True,125,121.0,0.968
705,Thundurus Incarnate Forme,7,18,79,115,70,125,80,111,5,True,125,108.0,0.864
706,Thundurus Therian Forme,7,18,79,105,70,145,80,101,5,True,115,99.0,0.8608695652173913
707,Reshiram,9,6,100,120,100,150,120,90,5,True,125,91.0,0.728
708,Zekrom,9,7,100,150,120,120,100,90,5,True,154,100.0,0.6493506493506493
709,Landorus Incarnate Forme,10,18,89,125,90,115,80,101,5,True,102,89.0,0.8725490196078431
710,Landorus Therian Forme,10,18,89,145,90,105,80,91,5,True,131,112.0,0.8549618320610687
711,Kyurem,9,16,125,130,90,130,90,95,5,True,128,99.0,0.7734375
712,Kyurem Black Kyurem,9,16,125,170,100,120,90,95,5,True,100,77.0,0.77
713,Kyurem White Kyurem,9,16,125,120,90,170,100,95,5,True,128,100.0,0.78125
714,Keldeo Ordinary Forme,1,15,91,72,90,129,90,108,5,False,116,100.0,0.8620689655172413
715,Keldeo Resolute Forme,1,15,91,72,90,129,90,108,5,False,121,108.0,0.8925619834710744
716,Meloetta Aria Forme,2,5,100,77,77,128,128,90,5,False,142,98.0,0.6901408450704225
717,Meloetta Pirouette Forme,2,15,100,128,90,77,77,128,5,False,123,118.0,0.959349593495935
718,Genesect,4,14,71,120,95,120,95,99,5,False,128,105.0,0.8203125
719,Chespin,3,,56,61,65,48,45,38,6,False,148,26.0,0.17567567567567569
720,Quilladin,3,,61,78,95,56,58,57,6,False,119,48.0,0.40336134453781514
721,Chesnaught,3,15,88,107,122,74,75,64,6,False,124,57.0,0.4596774193548387
722,Fennekin,6,,40,45,40,62,60,60,6,False,121,41.0,0.33884297520661155
723,Braixen,6,,59,59,58,90,70,73,6,False,115,67.0,0.5826086956521739
724,Delphox,6,5,75,69,72,114,100,104,6,False,126,104.0,0.8253968253968254
725,Froakie,1,,41,56,40,62,44,71,6,False,125,71.0,0.568
726,Frogadier,1,,54,63,52,83,56,97,6,False,139,107.0,0.7697841726618705
727,Greninja,1,12,72,95,67,103,71,122,6,False,127,122.0,0.9606299212598425
728,Bunnelby,2,,38,36,38,32,36,57,6,False,113,44.0,0.3893805309734513
729,Diggersby,2,10,85,56,77,50,77,78,6,False,128,68.0,0.53125
730,Fletchling,2,18,45,50,43,40,38,62,6,False,136,55.0,0.40441176470588236
731,Fletchinder,6,18,62,73,55,56,52,84,6,False,127,92.0,0.7244094488188977
732,Talonflame,6,18,78,81,71,74,69,126,6,False,132,120.0,0.9090909090909091
733,Scatterbug,4,,38,35,40,27,25,35,6,False,134,11.0,0.08208955223880597
734,Spewpa,4,,45,22,60,27,30,29,6,False,133,10.0,0.07518796992481203
735,Vivillon,4,18,80,52,50,90,50,89,6,False,120,80.0,0.6666666666666666
736,Litleo,6,2,62,50,58,73,54,72,6,False,124,55.0,0.4435483870967742
737,Pyroar,6,2,86,68,72,109,66,106,6,False,121,98.0,0.8099173553719008
738,Flabébé,17,,44,38,39,61,79,42,6,False,151,34.0,0.2251655629139073
739,Floette,17,,54,45,47,75,98,52,6,False,121,48.0,0.39669421487603307
740,Florges,17,,78,65,68,112,154,75,6,False,121,76.0,0.628099173553719
741,Skiddo,3,,66,65,48,62,57,52,6,False,127,46.0,0.36220472440944884
742,Gogoat,3,,123,100,62,97,81,68,6,False,129,62.0,0.4806201550387597
743,Pancham,15,,67,82,62,46,48,43,6,False,118,26.0,0.22033898305084745
744,Pangoro,15,12,95,124,78,69,71,58,6,False,123,46.0,0.37398373983739835
745,Furfrou,2,,75,80,60,65,90,102,6,False,131,113.0,0.8625954198473282
746,Espurr,5,,62,48,54,63,60,68,6,False,112,58.0,0.5178571428571429
747,Meowstic Male,5,,74,48,76,83,81,104,6,False,115,91.0,0.7913043478260869
748,Meowstic Female,5,,74,48,76,83,81,104,6,False,127,93.0,0.7322834645669292
749,Honedge,14,11,45,80,100,35,37,28,6,False,112,35.0,0.3125
750,Doublade,14,11,59,110,150,45,49,35,6,False,132,44.0,0.3333333333333333
751,Aegislash Blade Forme,14,11,60,150,50,150,50,60,6,False,128,64.0,0.5
752,Aegislash Shield Forme,14,11,60,50,150,50,150,60,6,False,121,63.0,0.5206611570247934
753,Spritzee,17,,78,52,60,63,65,23,6,False,133,8.0,0.06015037593984962
754,Aromatisse,17,,101,72,72,99,89,29,6,False,129,25.0,0.1937984496124031
755,Swirlix,17,,62,48,66,59,57,49,6,False,121,41.0,0.33884297520661155
756,Slurpuff,17,,82,80,86,85,75,72,6,False,131,81.0,0.6183206106870229
757,Inkay,12,5,53,54,53,37,46,45,6,False,110,34.0,0.3090909090909091
758,Malamar,12,5,86,92,88,68,75,73,6,False,158,108.0,0.6835443037974683
759,Binacle,8,1,42,52,67,39,56,50,6,False,129,37.0,0.2868217054263566
760,Barbaracle,8,1,72,105,115,54,86,68,6,False,134,69.0,0.5149253731343284
761,Skrelp,13,1,50,60,60,60,60,30,6,False,124,14.0,0.11290322580645161
762,Dragalge,13,9,65,75,90,97,123,44,6,False,156,31.0,0.1987179487179487
763,Clauncher,1,,50,53,62,58,63,44,6,False,124,17.0,0.13709677419354838
764,Clawitzer,1,,71,73,88,120,89,59,6,False,147,64.0,0.43537414965986393
765,Helioptile,7,2,44,38,33,61,43,70,6,False,112,59.0,0.5267857142857143
766,Heliolisk,7,2,62,55,52,109,94,109,6,False,120,94.0,0.7833333333333333
767,Tyrunt,8,9,58,89,77,45,45,48,6,False,107,34.0,0.3177570093457944
768,Tyrantrum,8,9,82,121,119,69,59,71,6,False,152,82.0,0.5394736842105263
769,Amaura,8,16,77,59,50,67,63,46,6,False,121,28.0,0.23140495867768596
770,Aurorus,8,16,123,77,72,99,92,58,6,False,132,61.0,0.4621212121212121
771,Sylveon,17,,95,65,65,110,130,60,6,False,122,49.0,0.4016393442622951
772,Hawlucha,15,18,78,92,75,74,63,118,6,False,121,107.0,0.8842975206611571
773,Dedenne,7,17,67,58,57,81,67,101,6,False,124,109.0,0.8790322580645161
774,Carbink,8,17,50,50,150,50,150,50,6,False,140,36.0,0.2571428571428571
775,Goomy,9,,45,50,35,55,75,40,6,False,117,25.0,0.21367521367521367
776,Sliggoo,9,,68,75,53,83,113,60,6,False,130,59.0,0.45384615384615384
777,Goodra,9,,90,100,70,110,150,80,6,False,106,64.0,0.6037735849056604
778,Klefki,14,17,57,80,91,80,87,75,6,False,122,70.0,0.5737704918032787
779,Phantump,11,3,43,70,48,50,60,38,6,False,138,33.0,0.2391304347826087
780,Trevenant,11,3,85,110,76,65,82,56,6,False,150,59.0,0.3933333333333333
781,Pumpkaboo Average Size,11,3,49,66,70,44,55,51,6,False,115,49.0,0.4260869565217391
782,Pumpkaboo Small Size,11,3,44,66,70,44,55,56,6,False,782,782.0,782.0
783,Pumpkaboo Large Size,11,3,54,66,70,44,55,46,6,False,121,51.0,0.4214876033057851
784,Pumpkaboo Super Size,11,3,59,66,70,44,55,41,6,False,131,33.0,0.25190839694656486
785,Gourgeist Average Size,11,3,65,90,122,58,75,84,6,False,128,92.0,0.71875
786,Gourgeist Small Size,11,3,55,85,122,58,75,99,6,False,121,98.0,0.8099173553719008
787,Gourgeist Large Size,11,3,75,95,122,58,75,69,6,False,124,71.0,0.5725806451612904
788,Gourgeist Super Size,11,3,85,100,122,58,75,54,6,False,132,52.0,0.3939393939393939
789,Bergmite,16,,55,69,85,32,35,28,6,False,129,12.0,0.09302325581395349
790,Avalugg,16,,95,117,184,44,46,28,6,False,121,36.0,0.2975206611570248
791,Noibat,18,9,40,30,35,45,40,55,6,False,127,40.0,0.31496062992125984
792,Noivern,18,9,85,70,80,97,80,123,6,False,115,107.0,0.9304347826086956
793,Xerneas,17,,126,131,95,131,98,99,6,True,129,107.0,0.8294573643410853
794,Yveltal,12,18,126,131,95,131,98,99,6,True,137,111.0,0.8102189781021898
795,Zygarde Half Forme,9,10,108,100,121,81,95,95,6,True,107,80.0,0.7476635514018691
796,Diancie,8,17,50,100,150,100,150,50,6,True,105,39.0,0.37142857142857144
797,Mega Diancie,8,17,50,160,110,160,110,110,6,True,131,116.0,0.8854961832061069
798,Hoopa Confined,5,11,80,110,60,150,130,70,6,True,119,60.0,0.5042016806722689
799,Hoopa Unbound,5,12,80,160,60,170,130,80,6,True,144,89.0,0.6180555555555556
800,Volcanion,6,1,80,110,120,130,90,70,6,True,121,75.0,0.6198347107438017
